{
  "timestamp": "2026-05-03 01:03:08",
  "rounds": 5,
  "aggregated": {
    "D1_Write": {
      "throughput_mem_per_sec": {
        "nm_mean": 161.72475498530423,
        "nm_std": 23.096933693119194,
        "m0_mean": 105.26085235789188,
        "m0_std": 27.187134678391676
      },
      "total_time_sec": {
        "nm_mean": 0.603754784213379,
        "nm_std": 0.1486192517607589,
        "m0_mean": 0.9448412497062236,
        "m0_std": 0.20224712285608415
      },
      "p50_latency_ms": {
        "nm_mean": 4.395358404144645,
        "nm_std": 0.06566756620737339,
        "m0_mean": 7.81371237244457,
        "m0_std": 0.2627090656057923
      },
      "p95_latency_ms": {
        "nm_mean": 7.828808389604092,
        "nm_std": 1.0964018374335909,
        "m0_mean": 14.26879158243537,
        "m0_std": 7.378006719949587
      }
    },
    "D2_Read": {
      "p50_latency_ms": {
        "nm_mean": 4.2002002242952585,
        "nm_std": 0.10692245610502711,
        "m0_mean": 9.564658580347896,
        "m0_std": 0.4780936083803732
      },
      "p95_latency_ms": {
        "nm_mean": 5.916108097881079,
        "nm_std": 0.318728439430177,
        "m0_mean": 14.911941578611732,
        "m0_std": 6.129418613506697
      },
      "mean_latency_ms": {
        "nm_mean": 4.301626117279132,
        "nm_std": 0.11347559210211292,
        "m0_mean": 10.257409528518716,
        "m0_std": 0.77433328654481
      }
    },
    "D3_Efficiency": {
      "storage_size_mb": {
        "nm_mean": 1.77109375,
        "nm_std": 0.08289169267691275,
        "m0_mean": 0.4606931686401367,
        "m0_std": 0.15882641492561936
      },
      "records_stored": {
        "nm_mean": 100,
        "nm_std": 35.35533905932738,
        "m0_mean": 100,
        "m0_std": 35.35533905932738
      },
      "bytes_per_record": {
        "nm_mean": 20723.029333333336,
        "nm_std": 8166.413517787489,
        "m0_mean": 4845.122,
        "m0_std": 51.63133225087263
      }
    },
    "D4_Concurrent": {
      "queries_per_sec": {
        "nm_mean": 424.1059160423493,
        "nm_std": 43.905566825869386,
        "m0_mean": 90.42638384897685,
        "m0_std": 34.4056075786969
      },
      "total_time_sec": {
        "nm_mean": 0.019036541739478708,
        "nm_std": 0.002101395882486923,
        "m0_mean": 0.11553153339773417,
        "m0_std": 0.08907951628959682
      },
      "p50_thread_latency_ms": {
        "nm_mean": 16.949324845336378,
        "nm_std": 2.035866266606395,
        "m0_mean": 106.39216229319572,
        "m0_std": 83.07459454962199
      }
    },
    "D5_Quality": {
      "precision_at_3": {
        "nm_mean": 0.03333333333333333,
        "nm_std": 0.0,
        "m0_mean": 0.06666666666666667,
        "m0_std": 0.0
      },
      "recall_at_5": {
        "nm_mean": 0.1,
        "nm_std": 0.0,
        "m0_mean": 0.27999999999999997,
        "m0_std": 0.04472135954999579
      }
    },
    "D6_Features": {
      "feature_count": {
        "nm_mean": 20,
        "nm_std": 0.0,
        "m0_mean": 10,
        "m0_std": 0.0
      },
      "feature_pct": {
        "nm_mean": 100.0,
        "nm_std": 0.0,
        "m0_mean": 50.0,
        "m0_std": 0.0
      }
    }
  },
  "feature_matrix": [
    [
      "向量语义检索",
      true,
      true
    ],
    [
      "BM25 关键词检索",
      true,
      true
    ],
    [
      "图谱关系检索",
      true,
      false
    ],
    [
      "时间衰减检索",
      true,
      false
    ],
    [
      "RRF 多策略融合",
      true,
      false
    ],
    [
      "Cross-Encoder 重排",
      true,
      true
    ],
    [
      "实体提取",
      true,
      true
    ],
    [
      "知识图谱",
      true,
      false
    ],
    [
      "记忆衰减/生命周期",
      true,
      false
    ],
    [
      "记忆合并/去重",
      true,
      true
    ],
    [
      "批量操作",
      true,
      true
    ],
    [
      "记忆导出",
      true,
      false
    ],
    [
      "冲突解决",
      true,
      false
    ],
    [
      "带解释检索",
      true,
      false
    ],
    [
      "MCP 原生支持",
      true,
      false
    ],
    [
      "本地优先/零依赖",
      true,
      false
    ],
    [
      "多后端嵌入模型",
      true,
      true
    ],
    [
      "多 LLM 提取器",
      true,
      true
    ],
    [
      "CLI 工具",
      true,
      true
    ],
    [
      "TypeScript/npm SDK",
      true,
      true
    ]
  ]
}